,Loan_ID,Gender,Married,Dependents,Education,Self_Employed,ApplicantIncome,CoapplicantIncome,LoanAmount,Loan_Amount_Term,Credit_History,Property_Area,Loan_Status,TotalIncome,LoanAmount_log,TotalIncome_Log,Loan_Term_1,Loan_Term_2,Loan_Term_3,Loan_Status2,
0,LP001002,1,0,0,1,0,5849,0,130,360,1,2,1,5849,4.86753445,8.674025985,0,1,0,1,True Positive
1,LP001003,1,1,1,1,0,4583,1508,128,360,1,3,0,6091,4.852030264,8.714567551,0,1,0,1,False Positive
2,LP001005,1,1,0,1,1,3000,0,66,360,1,2,1,3000,4.189654742,8.006367568,0,1,0,1,True Positive
3,LP001006,1,1,0,0,0,2583,2358,120,360,1,2,1,4941,4.787491743,8.505323019,0,1,0,1,True Positive
4,LP001008,1,0,0,1,0,6000,0,141,360,1,2,1,6000,4.94875989,8.699514748,0,1,0,1,True Positive
5,LP001011,1,1,2,1,1,5417,4196,267,360,1,2,1,9613,5.587248658,9.170871628,0,1,0,1,True Positive
6,LP001013,1,1,0,0,0,2333,1516,95,360,1,2,1,3849,4.553876892,8.255568653,0,1,0,1,True Positive
7,LP001014,1,1,3+,1,0,3036,2504,158,360,0,1,0,5540,5.062595033,8.61974978,0,1,0,0,True Negative
8,LP001018,1,1,2,1,0,4006,1526,168,360,1,2,1,5532,5.123963979,8.618304693,0,1,0,1,True Positive
9,LP001020,1,1,1,1,0,12841,10968,349,360,1,1,0,23809,5.855071922,10.07781894,0,1,0,1,False Positive
10,LP001024,1,1,2,1,0,3200,700,70,360,1,2,1,3900,4.248495242,8.268731832,0,1,0,1,True Positive
11,LP001027,1,1,2,1,0,2500,1840,109,360,1,2,1,4340,4.691347882,8.375629627,0,1,0,1,True Positive
12,LP001028,1,1,2,1,0,3073,8106,200,360,1,2,1,11179,5.298317367,9.321792297,0,1,0,1,True Positive
13,LP001029,1,0,0,1,0,1853,2840,114,360,1,3,0,4693,4.736198448,8.453827316,0,1,0,1,False Positive
14,LP001030,1,1,2,1,0,1299,1086,17,120,1,2,1,2385,2.833213344,7.776954403,1,0,0,1,True Positive
15,LP001032,1,0,0,1,0,4950,0,125,360,1,2,1,4950,4.828313737,8.507142856,0,1,0,1,True Positive
16,LP001034,1,0,1,0,0,3596,0,100,240,1,2,1,3596,4.605170186,8.187577396,0,1,0,1,True Positive
17,LP001036,0,0,0,1,0,3510,0,76,360,0,2,0,3510,4.33073334,8.163371316,0,1,0,0,True Negative
18,LP001038,1,1,0,0,0,4887,0,133,360,1,3,0,4887,4.890349128,8.494333897,0,1,0,1,False Positive
19,LP001041,1,1,0,1,0,2600,3500,115,360,1,2,1,6100,4.744932128,8.71604405,0,1,0,1,True Positive
20,LP001043,1,1,0,0,0,7660,0,104,360,0,2,0,7660,4.644390899,8.943767263,0,1,0,0,True Negative
21,LP001046,1,1,1,1,0,5955,5625,315,360,1,2,1,11580,5.752572639,9.357034751,0,1,0,1,True Positive
22,LP001047,1,1,0,0,0,2600,1911,116,360,0,1,0,4511,4.753590191,8.414274137,0,1,0,0,True Negative
23,LP001050,1,1,2,0,0,3365,1917,112,360,0,3,0,5282,4.718498871,8.572060093,0,1,0,0,True Negative
24,LP001052,1,1,1,1,0,3717,2925,151,360,1,1,0,6642,5.017279837,8.801168402,0,1,0,1,False Positive
25,LP001066,1,1,0,1,1,9560,0,191,360,1,1,1,9560,5.252273428,9.165343006,0,1,0,1,True Positive
26,LP001068,1,1,0,1,0,2799,2253,122,360,1,1,1,5052,4.804021045,8.527539483,0,1,0,1,True Positive
27,LP001073,1,1,2,0,0,4226,1040,110,360,1,2,1,5266,4.700480366,8.56902634,0,1,0,1,True Positive
28,LP001086,1,0,0,0,0,1442,0,35,360,1,2,0,1442,3.555348061,7.273786318,0,1,0,1,False Positive
29,LP001087,0,0,2,1,0,3750,2083,120,360,1,1,1,5833,4.787491743,8.671286727,0,1,0,1,True Positive
30,LP001091,1,1,1,1,0,4166,3369,201,360,1,2,0,7535,5.303304908,8.927314111,0,1,0,1,False Positive
31,LP001095,1,0,0,1,0,3167,0,74,360,1,2,0,3167,4.304065093,8.060540047,0,1,0,1,False Positive
32,LP001097,1,0,1,1,1,4692,0,106,360,1,3,0,4692,4.663439094,8.45361421,0,1,0,1,False Positive
33,LP001098,1,1,0,1,0,3500,1667,114,360,1,1,1,5167,4.736198448,8.550047528,0,1,0,1,True Positive
34,LP001100,1,0,3+,1,0,12500,3000,320,360,1,3,0,15500,5.768320996,9.648595303,0,1,0,1,False Positive
35,LP001106,1,1,0,1,0,2275,2067,130,360,1,2,1,4342,4.86753445,8.37609035,0,1,0,1,True Positive
36,LP001109,1,1,0,1,0,1828,1330,100,360,0,2,0,3158,4.605170186,8.057694195,0,1,0,0,True Negative
37,LP001112,0,1,0,1,0,3667,1459,144,360,1,1,1,5126,4.9698133,8.542080907,0,1,0,1,True Positive
38,LP001114,1,0,0,1,0,4166,7210,184,360,1,2,1,11376,5.214935758,9.339261152,0,1,0,1,True Positive
39,LP001116,1,0,0,0,0,3748,1668,110,360,1,1,1,5416,4.700480366,8.597112815,0,1,0,1,True Positive
40,LP001119,1,0,0,1,0,3600,0,80,360,1,2,0,3600,4.382026635,8.188689124,0,1,0,1,False Positive
41,LP001120,1,0,0,1,0,1800,1213,47,360,1,2,1,3013,3.850147602,8.010691539,0,1,0,1,True Positive
42,LP001123,1,1,0,1,0,2400,0,75,360,1,2,1,2400,4.317488114,7.783224016,0,1,0,1,True Positive
43,LP001131,1,1,0,1,0,3941,2336,134,360,1,1,1,6277,4.8978398,8.744647438,0,1,0,1,True Positive
44,LP001136,1,1,0,0,1,4695,0,96,360,1,2,1,4695,4.564348191,8.454253392,0,1,0,1,True Positive
45,LP001137,0,0,0,1,0,3410,0,88,360,1,2,1,3410,4.477336814,8.13446757,0,1,0,1,True Positive
46,LP001138,1,1,1,1,0,5649,0,44,360,1,2,1,5649,3.784189634,8.639233817,0,1,0,1,True Positive
47,LP001144,1,1,0,1,0,5821,0,144,360,1,2,1,5821,4.9698133,8.669227347,0,1,0,1,True Positive
48,LP001146,0,1,0,1,0,2645,3440,120,360,0,2,0,6085,4.787491743,8.713582005,0,1,0,0,True Negative
49,LP001151,0,0,0,1,0,4000,2275,144,360,1,1,1,6275,4.9698133,8.744328764,0,1,0,1,True Positive
50,LP001155,0,1,0,0,0,1928,1644,100,360,1,1,1,3572,4.605170186,8.180880942,0,1,0,1,True Positive
51,LP001157,0,0,0,1,0,3086,0,120,360,1,1,1,3086,4.787491743,8.034631033,0,1,0,1,True Positive
52,LP001164,0,0,0,1,0,4230,0,112,360,1,1,0,4230,4.718498871,8.349957272,0,1,0,1,False Positive
53,LP001179,1,1,2,1,0,4616,0,134,360,1,2,0,4616,4.8978398,8.437283808,0,1,0,1,False Positive
54,LP001186,0,1,1,1,1,11500,0,286,360,0,2,0,11500,5.655991811,9.350102314,0,1,0,0,True Negative
55,LP001194,1,1,2,1,0,2708,1167,97,360,1,1,1,3875,4.574710979,8.262300942,0,1,0,1,True Positive
56,LP001195,1,1,0,1,0,2132,1591,96,360,1,1,1,3723,4.564348191,8.222285074,0,1,0,1,True Positive
57,LP001197,1,1,0,1,0,3366,2200,135,360,1,3,0,5566,4.905274778,8.624431942,0,1,0,1,False Positive
58,LP001198,1,1,1,1,0,8080,2250,180,360,1,2,1,10330,5.192956851,9.242807562,0,1,0,1,True Positive
59,LP001199,1,1,2,0,0,3357,2859,144,360,1,2,1,6216,4.9698133,8.734881892,0,1,0,1,True Positive
60,LP001205,1,1,0,1,0,2500,3796,120,360,1,2,1,6296,4.787491743,8.74766979,0,1,0,1,True Positive
61,LP001206,1,1,3+,1,0,3029,0,99,360,1,2,1,3029,4.59511985,8.015987811,0,1,0,1,True Positive
62,LP001207,1,1,0,0,1,2609,3449,165,180,0,3,0,6058,5.105945474,8.709134992,0,1,0,0,True Negative
63,LP001213,1,1,1,1,0,4945,0,130,360,0,3,0,4945,4.86753445,8.506132244,0,1,0,0,True Negative
64,LP001222,0,0,0,1,0,4166,0,116,360,0,1,0,4166,4.753590191,8.334711622,0,1,0,0,True Negative
65,LP001225,1,1,0,1,0,5726,4595,258,360,1,1,0,10321,5.552959585,9.241935934,0,1,0,1,False Positive
66,LP001228,1,0,0,0,0,3200,2254,126,180,0,2,0,5454,4.836281907,8.604104563,0,1,0,0,True Negative
67,LP001233,1,1,1,1,0,10750,0,312,360,1,2,1,10750,5.743003188,9.282661034,0,1,0,1,True Positive
68,LP001238,1,1,3+,0,1,7100,0,125,60,1,2,1,7100,4.828313737,8.867850063,1,0,0,1,True Positive
69,LP001241,0,0,0,1,0,4300,0,136,360,0,1,0,4300,4.912654886,8.366370302,0,1,0,0,True Negative
70,LP001243,1,1,0,1,0,3208,3066,172,360,1,2,1,6274,5.147494477,8.744169389,0,1,0,1,True Positive
71,LP001245,1,1,2,0,1,1875,1875,97,360,1,1,1,3750,4.574710979,8.229511119,0,1,0,1,True Positive
72,LP001248,1,0,0,1,0,3500,0,81,300,1,1,1,3500,4.394449155,8.160518247,0,1,0,1,True Positive
73,LP001250,1,1,3+,0,0,4755,0,95,360,0,1,0,4755,4.553876892,8.466951975,0,1,0,0,True Negative
74,LP001253,1,1,3+,1,1,5266,1774,187,360,1,1,1,7040,5.231108617,8.859363449,0,1,0,1,True Positive
75,LP001255,1,0,0,1,0,3750,0,113,480,1,2,0,3750,4.727387819,8.229511119,0,0,1,0,True Negative
76,LP001256,1,0,0,1,0,3750,4750,176,360,1,2,0,8500,5.170483995,9.047821442,0,1,0,1,False Positive
77,LP001259,1,1,1,1,1,1000,3022,110,360,1,2,0,4022,4.700480366,8.29953457,0,1,0,1,False Positive
78,LP001263,1,1,3+,1,0,3167,4000,180,300,0,1,0,7167,5.192956851,8.877242436,0,1,0,0,True Negative
79,LP001264,1,1,3+,0,1,3333,2166,130,360,1,1,1,5499,4.86753445,8.612321537,0,1,0,1,True Positive
80,LP001265,0,0,0,1,0,3846,0,111,360,1,1,1,3846,4.709530201,8.254788926,0,1,0,1,True Positive
81,LP001266,1,1,1,1,1,2395,0,157.5,360,1,1,1,2395,5.059425458,7.78113851,0,1,0,1,True Positive
82,LP001267,0,1,2,1,0,1378,1881,167,360,1,2,0,3259,5.117993812,8.089175679,0,1,0,1,False Positive
83,LP001273,1,1,0,1,0,6000,2250,265,360,1,1,0,8250,5.579729826,9.017968479,0,1,0,1,False Positive
84,LP001275,1,1,1,1,0,3988,0,50,240,1,2,1,3988,3.912023005,8.291045131,0,1,0,1,True Positive
85,LP001279,1,0,0,1,0,2366,2531,136,360,1,1,1,4897,4.912654886,8.496378052,0,1,0,1,True Positive
86,LP001280,1,1,2,0,0,3333,2000,99,360,1,1,1,5333,4.59511985,8.581669211,0,1,0,1,True Positive
87,LP001282,1,1,0,1,0,2500,2118,104,360,1,1,1,4618,4.644390899,8.43771699,0,1,0,1,True Positive
88,LP001289,1,0,0,1,0,8566,0,210,360,1,2,1,8566,5.347107531,9.055556158,0,1,0,1,True Positive
89,LP001310,1,1,0,1,0,5695,4167,175,360,1,1,1,9862,5.164785974,9.196444267,0,1,0,1,True Positive
90,LP001316,1,1,0,1,0,2958,2900,131,360,1,1,1,5858,4.875197323,8.675563527,0,1,0,1,True Positive
91,LP001318,1,1,2,1,0,6250,5654,188,180,1,1,1,11904,5.236441963,9.384629757,0,1,0,1,True Positive
92,LP001319,1,1,2,0,0,3273,1820,81,360,1,2,1,5093,4.394449155,8.535622327,0,1,0,1,True Positive
93,LP001322,1,0,0,1,0,4133,0,122,360,1,1,1,4133,4.804021045,8.326758815,0,1,0,1,True Positive
94,LP001325,1,0,0,0,0,3620,0,25,120,1,1,1,3620,3.218875825,8.194229305,1,0,0,1,True Positive
95,LP001326,1,0,0,1,0,6782,0,130,360,1,2,0,6782,4.86753445,8.822027323,0,1,0,1,False Positive
96,LP001327,0,1,0,1,0,2484,2302,137,360,1,1,1,4786,4.919980926,8.473450268,0,1,0,1,True Positive
97,LP001333,1,1,0,1,0,1977,997,50,360,1,1,1,2974,3.912023005,7.997663127,0,1,0,1,True Positive
98,LP001334,1,1,0,0,0,4188,0,115,180,1,1,1,4188,4.744932128,8.339978572,0,1,0,1,True Positive
99,LP001343,1,1,0,1,0,1759,3541,131,360,1,1,1,5300,4.875197323,8.5754621,0,1,0,1,True Positive
100,LP001345,1,1,2,0,0,4288,3263,133,180,1,2,1,7551,4.890349128,8.929435284,0,1,0,1,True Positive
101,LP001349,1,0,0,1,0,4843,3806,151,360,1,1,1,8649,5.017279837,9.065198986,0,1,0,1,True Positive
102,LP001350,1,1,0,1,0,13650,0,130,360,1,2,1,13650,4.86753445,9.521494801,0,1,0,1,True Positive
103,LP001356,1,1,0,1,0,4652,3583,130,360,1,1,1,8235,4.86753445,9.016148643,0,1,0,1,True Positive
104,LP001357,1,1,0,1,0,3816,754,160,360,1,2,1,4570,5.075173815,8.427268484,0,1,0,1,True Positive
105,LP001367,1,1,1,1,0,3052,1030,100,360,1,2,1,4082,4.605170186,8.314342343,0,1,0,1,True Positive
106,LP001369,1,1,2,1,0,11417,1126,225,360,1,2,1,12543,5.416100402,9.43691802,0,1,0,1,True Positive
107,LP001370,1,0,0,0,0,7333,0,120,360,1,3,0,7333,4.787491743,8.900139988,0,1,0,1,False Positive
108,LP001379,1,1,2,1,0,3800,3600,216,360,0,2,0,7400,5.375278408,8.909235279,0,1,0,0,True Negative
109,LP001384,1,1,3+,0,0,2071,754,94,480,1,1,1,2825,4.543294782,7.946263644,0,0,1,1,True Positive
110,LP001385,1,0,0,1,0,5316,0,136,360,1,2,1,5316,4.912654886,8.57847642,0,1,0,1,True Positive
111,LP001387,0,1,0,1,0,2929,2333,139,360,1,1,1,5262,4.934473933,8.568266462,0,1,0,1,True Positive
112,LP001391,1,1,0,0,0,3572,4114,152,360,0,3,0,7686,5.023880521,8.947155771,0,1,0,0,True Negative
113,LP001392,0,0,1,1,1,7451,0,157.5,360,1,1,1,7451,5.059425458,8.916103531,0,1,0,1,True Positive
114,LP001398,1,0,0,1,0,5050,0,118,360,1,1,1,5050,4.770684624,8.527143522,0,1,0,1,True Positive
115,LP001401,1,1,1,1,0,14583,0,185,180,1,3,1,14583,5.220355825,9.587611746,0,1,0,1,True Positive
116,LP001404,0,1,0,1,0,3167,2283,154,360,1,1,1,5450,5.036952602,8.603370888,0,1,0,1,True Positive
117,LP001405,1,1,1,1,0,2214,1398,85,360,1,2,1,3612,4.442651256,8.192016915,0,1,0,1,True Positive
118,LP001421,1,1,0,1,0,5568,2142,175,360,1,3,0,7710,5.164785974,8.950273467,0,1,0,1,False Positive
119,LP001422,0,0,0,1,0,10408,0,259,360,1,2,1,10408,5.556828062,9.25033002,0,1,0,1,True Positive
120,LP001426,1,1,0,1,0,5667,2667,180,360,1,3,1,8334,5.192956851,9.028098812,0,1,0,1,True Positive
121,LP001430,0,0,0,1,0,4166,0,44,360,1,1,1,4166,3.784189634,8.334711622,0,1,0,1,True Positive
122,LP001431,0,0,0,1,0,2137,8980,137,360,0,1,1,11117,4.919980926,9.316230747,0,1,0,0,False Negative
123,LP001432,1,1,2,1,0,2957,0,81,360,1,1,1,2957,4.394449155,7.99193052,0,1,0,1,True Positive
124,LP001439,1,1,0,0,0,4300,2014,194,360,1,3,1,6314,5.267858159,8.750524669,0,1,0,1,True Positive
125,LP001443,0,0,0,1,0,3692,0,93,360,1,3,1,3692,4.532599493,8.213923596,0,1,0,1,True Positive
126,LP001448,1,1,3+,1,0,23803,0,370,360,1,3,1,23803,5.913503006,10.0775669,0,1,0,1,True Positive
127,LP001449,1,0,0,1,0,3865,1640,130,360,1,3,1,5505,4.86753445,8.613412049,0,1,0,1,True Positive
128,LP001451,1,1,1,1,1,10513,3850,160,180,0,2,0,14363,5.075173815,9.572410734,0,1,0,0,True Negative
129,LP001465,1,1,0,1,0,6080,2569,182,360,1,3,0,8649,5.204006687,9.065198986,0,1,0,1,False Positive
130,LP001469,1,0,0,1,1,20166,0,650,480,1,2,1,20166,6.476972363,9.911753297,0,0,1,0,False Negative
131,LP001473,1,0,0,1,0,2014,1929,74,360,1,2,1,3943,4.304065093,8.279697134,0,1,0,1,True Positive
132,LP001478,1,0,0,1,0,2718,0,70,360,1,1,1,2718,4.248495242,7.907651595,0,1,0,1,True Positive
133,LP001482,1,1,0,1,1,3459,0,25,120,1,1,1,3459,3.218875825,8.148734809,1,0,0,1,True Positive
134,LP001487,1,0,0,1,0,4895,0,102,360,1,1,1,4895,4.624972813,8.495969555,0,1,0,1,True Positive
135,LP001488,1,1,3+,1,0,4000,7750,290,360,1,1,0,11750,5.669880923,9.37160852,0,1,0,1,False Positive
136,LP001489,0,1,0,1,0,4583,0,84,360,1,3,0,4583,4.430816799,8.430109085,0,1,0,1,False Positive
137,LP001491,1,1,2,1,1,3316,3500,88,360,1,2,1,6816,4.477336814,8.827028069,0,1,0,1,True Positive
138,LP001492,1,0,0,1,0,14999,0,242,360,0,1,0,14999,5.488937726,9.615738811,0,1,0,0,True Negative
139,LP001493,1,1,2,0,0,4200,1430,129,360,1,3,0,5630,4.859812404,8.635864721,0,1,0,1,False Positive
140,LP001497,1,1,2,1,0,5042,2083,185,360,1,3,0,7125,5.220355825,8.871365005,0,1,0,1,False Positive
141,LP001498,1,0,0,1,0,5417,0,168,360,1,2,1,5417,5.123963979,8.597297436,0,1,0,1,True Positive
142,LP001504,1,0,0,1,1,6950,0,175,180,1,1,1,6950,5.164785974,8.846496939,0,1,0,1,True Positive
143,LP001507,1,1,0,1,0,2698,2034,122,360,1,1,1,4732,4.804021045,8.462103225,0,1,0,1,True Positive
144,LP001508,1,1,2,1,0,11757,0,187,180,1,2,1,11757,5.231108617,9.372204087,0,1,0,1,True Positive
145,LP001514,0,1,0,1,0,2330,4486,100,360,1,1,1,6816,4.605170186,8.827028069,0,1,0,1,True Positive
146,LP001516,0,1,2,1,0,14866,0,70,360,1,2,1,14866,4.248495242,9.606832005,0,1,0,1,True Positive
147,LP001518,1,1,1,1,0,1538,1425,30,360,1,2,1,2963,3.401197382,7.993957548,0,1,0,1,True Positive
148,LP001519,0,0,0,1,0,10000,1666,225,360,1,3,0,11666,5.416100402,9.364433907,0,1,0,1,False Positive
149,LP001520,1,1,0,1,0,4860,830,125,360,1,1,1,5690,4.828313737,8.646465527,0,1,0,1,True Positive
150,LP001528,1,0,0,1,0,6277,0,118,360,0,3,0,6277,4.770684624,8.744647438,0,1,0,0,True Negative
151,LP001529,1,1,0,1,1,2577,3750,152,360,1,3,1,6327,5.023880521,8.752581469,0,1,0,1,True Positive
152,LP001531,1,0,0,1,0,9166,0,244,360,1,2,0,9166,5.497168225,9.123256265,0,1,0,1,False Positive
153,LP001532,1,1,2,0,0,2281,0,113,360,1,3,0,2281,4.727387819,7.732369222,0,1,0,1,False Positive
154,LP001535,1,0,0,1,0,3254,0,50,360,1,2,1,3254,3.912023005,8.087640288,0,1,0,1,True Positive
155,LP001536,1,1,3+,1,0,39999,0,600,180,0,1,1,39999,6.396929655,10.59660973,0,1,0,0,False Negative
156,LP001541,1,1,1,1,0,6000,0,160,360,1,3,1,6000,5.075173815,8.699514748,0,1,0,1,True Positive
157,LP001543,1,1,1,1,0,9538,0,187,360,1,2,1,9538,5.231108617,9.163039099,0,1,0,1,True Positive
158,LP001546,1,0,0,1,0,2980,2083,120,360,1,3,1,5063,4.787491743,8.529714472,0,1,0,1,True Positive
159,LP001552,1,1,0,1,0,4583,5625,255,360,1,1,1,10208,5.541263545,9.230927006,0,1,0,1,True Positive
160,LP001560,1,1,0,0,0,1863,1041,98,360,1,1,1,2904,4.584967479,7.973844376,0,1,0,1,True Positive
161,LP001562,1,1,0,1,0,7933,0,275,360,1,2,0,7933,5.616771098,8.978786553,0,1,0,1,False Positive
162,LP001565,1,1,1,1,0,3089,1280,121,360,0,1,0,4369,4.795790546,8.382289429,0,1,0,0,True Negative
163,LP001570,1,1,2,1,0,4167,1447,158,360,1,3,1,5614,5.062595033,8.633018757,0,1,0,1,True Positive
164,LP001572,1,1,0,1,0,9323,0,75,180,1,2,1,9323,4.317488114,9.140239744,0,1,0,1,True Positive
165,LP001574,1,1,0,1,0,3707,3166,182,360,1,3,1,6873,5.204006687,8.835355971,0,1,0,1,True Positive
166,LP001577,0,1,0,1,0,4583,0,112,360,1,3,0,4583,4.718498871,8.430109085,0,1,0,1,False Positive
167,LP001578,1,1,0,1,0,2439,3333,129,360,1,3,1,5772,4.859812404,8.66077392,0,1,0,1,True Positive
168,LP001579,1,0,0,1,0,2237,0,63,480,0,1,0,2237,4.143134726,7.712890961,0,0,1,0,True Negative
169,LP001580,1,1,2,1,0,8000,0,200,360,1,1,1,8000,5.298317367,8.987196821,0,1,0,1,True Positive
170,LP001581,1,1,0,0,0,1820,1769,95,360,1,3,1,3589,4.553876892,8.185628891,0,1,0,1,True Positive
171,LP001585,1,1,3+,1,0,51763,0,700,300,1,2,1,51763,6.551080335,10.85443089,0,1,0,1,True Positive
172,LP001586,1,1,3+,0,0,3522,0,81,180,1,3,0,3522,4.394449155,8.166784289,0,1,0,1,False Positive
173,LP001594,1,1,0,1,0,5708,5625,187,360,1,1,1,11333,5.231108617,9.335474103,0,1,0,1,True Positive
174,LP001603,1,1,0,0,1,4344,736,87,360,1,1,0,5080,4.465908119,8.533066541,0,1,0,1,False Positive
175,LP001606,1,1,0,1,0,3497,1964,116,360,1,3,1,5461,4.753590191,8.605387202,0,1,0,1,True Positive
176,LP001608,1,1,2,1,0,2045,1619,101,360,1,3,1,3664,4.615120517,8.206310726,0,1,0,1,True Positive
177,LP001610,1,1,3+,1,0,5516,11300,495,360,0,1,0,16816,6.204557763,9.730086093,0,1,0,0,True Negative
178,LP001616,1,1,1,1,0,3750,0,116,360,1,1,1,3750,4.753590191,8.229511119,0,1,0,1,True Positive
179,LP001630,1,0,0,0,0,2333,1451,102,480,0,2,0,3784,4.624972813,8.23853693,0,0,1,0,True Negative
180,LP001633,1,1,1,1,0,6400,7250,180,360,0,2,0,13650,5.192956851,9.521494801,0,1,0,0,True Negative
181,LP001634,1,0,0,1,0,1916,5063,67,360,1,3,0,6979,4.204692619,8.850660919,0,1,0,1,False Positive
182,LP001636,1,1,0,1,0,4600,0,73,180,1,1,1,4600,4.290459441,8.433811582,0,1,0,1,True Positive
183,LP001637,1,1,1,1,0,33846,0,260,360,1,1,0,33846,5.560681631,10.4295761,0,1,0,1,False Positive
184,LP001639,0,1,0,1,0,3625,0,108,360,1,1,1,3625,4.682131227,8.195609567,0,1,0,1,True Positive
185,LP001640,1,1,0,1,1,39147,4750,120,360,1,1,1,43897,4.787491743,10.68960126,0,1,0,1,True Positive
186,LP001641,1,1,1,1,1,2178,0,66,300,0,3,0,2178,4.189654742,7.686162303,0,1,0,0,True Negative
187,LP001643,1,1,0,1,0,2383,2138,58,360,1,3,1,4521,4.060443011,8.416488487,0,1,0,1,True Positive
188,LP001644,1,1,0,1,1,674,5296,168,360,1,3,1,5970,5.123963979,8.694502206,0,1,0,1,True Positive
189,LP001647,1,1,0,1,0,9328,0,188,180,1,3,1,9328,5.236441963,9.140775909,0,1,0,1,True Positive
190,LP001653,1,0,0,0,0,4885,0,48,360,1,3,1,4885,3.871201011,8.493924564,0,1,0,1,True Positive
191,LP001656,1,0,0,1,0,12000,0,164,360,1,1,0,12000,5.099866428,9.392661929,0,1,0,1,False Positive
192,LP001657,1,1,0,0,0,6033,0,160,360,1,2,0,6033,5.075173815,8.704999678,0,1,0,1,False Positive
193,LP001658,1,0,0,1,0,3858,0,76,360,1,1,1,3858,4.33073334,8.257904193,0,1,0,1,True Positive
194,LP001664,1,0,0,1,0,4191,0,120,360,1,3,1,4191,4.787491743,8.340694648,0,1,0,1,True Positive
195,LP001665,1,1,1,1,0,3125,2583,170,360,1,1,0,5708,5.135798437,8.649623979,0,1,0,1,False Positive
196,LP001666,1,0,0,1,0,8333,3750,187,360,1,3,1,12083,5.231108617,9.399554785,0,1,0,1,True Positive
197,LP001669,0,0,0,0,0,1907,2365,120,360,1,2,1,4272,4.787491743,8.359837381,0,1,0,1,True Positive
198,LP001671,0,1,0,1,0,3416,2816,113,360,1,1,1,6232,4.727387819,8.737452588,0,1,0,1,True Positive
199,LP001673,1,0,0,1,1,11000,0,83,360,1,2,0,11000,4.418840608,9.305650552,0,1,0,1,False Positive
200,LP001674,1,1,1,0,0,2600,2500,90,360,1,1,1,5100,4.49980967,8.536995819,0,1,0,1,True Positive
201,LP001677,1,0,2,1,0,4923,0,166,360,0,1,1,4923,5.111987788,8.50167338,0,1,0,0,False Negative
202,LP001682,1,1,3+,0,0,3992,0,113,180,1,2,0,3992,4.727387819,8.292047637,0,1,0,1,False Positive
203,LP001688,1,1,1,0,0,3500,1083,135,360,1,2,1,4583,4.905274778,8.430109085,0,1,0,1,True Positive
204,LP001691,1,1,2,0,0,3917,0,124,360,1,1,1,3917,4.820281566,8.273081334,0,1,0,1,True Positive
205,LP001692,0,0,0,0,0,4408,0,120,360,1,1,1,4408,4.787491743,8.391176351,0,1,0,1,True Positive
206,LP001693,0,0,0,1,0,3244,0,80,360,1,2,1,3244,4.382026635,8.084562415,0,1,0,1,True Positive
207,LP001698,1,0,0,0,0,3975,2531,55,360,1,3,1,6506,4.007333185,8.780480107,0,1,0,1,True Positive
208,LP001699,1,0,0,1,0,2479,0,59,360,1,2,1,2479,4.077537444,7.815610532,0,1,0,1,True Positive
209,LP001702,1,0,0,1,0,3418,0,127,360,1,1,0,3418,4.844187086,8.136810864,0,1,0,1,False Positive
210,LP001708,0,0,0,1,0,10000,0,214,360,1,1,0,10000,5.365976015,9.210340372,0,1,0,1,False Positive
211,LP001711,1,1,3+,1,0,3430,1250,128,360,0,1,0,4680,4.852030264,8.451053389,0,1,0,0,True Negative
212,LP001713,1,1,1,1,1,7787,0,240,360,1,2,1,7787,5.480638923,8.960210956,0,1,0,1,True Positive
213,LP001715,1,1,3+,0,1,5703,0,130,360,1,3,1,5703,4.86753445,8.648747631,0,1,0,1,True Positive
214,LP001716,1,1,0,1,0,3173,3021,137,360,1,2,1,6194,4.919980926,8.731336361,0,1,0,1,True Positive
215,LP001720,1,1,3+,0,0,3850,983,100,360,1,1,1,4833,4.605170186,8.483222672,0,1,0,1,True Positive
216,LP001722,1,1,0,1,0,150,1800,135,360,1,3,0,1950,4.905274778,7.575584652,0,1,0,1,False Positive
217,LP001726,1,1,0,1,0,3727,1775,131,360,1,1,1,5502,4.875197323,8.612866941,0,1,0,1,True Positive
218,LP001732,1,1,2,1,0,5000,0,72,360,0,1,0,5000,4.276666119,8.517193191,0,1,0,0,True Negative
219,LP001734,0,1,2,1,0,4283,2383,127,360,1,1,1,6666,4.844187086,8.804775259,0,1,0,1,True Positive
220,LP001736,1,1,0,1,0,2221,0,60,360,0,2,0,2221,4.094344562,7.705712824,0,1,0,0,True Negative
221,LP001743,1,1,2,1,0,4009,1717,116,360,1,1,1,5726,4.753590191,8.652772486,0,1,0,1,True Positive
222,LP001744,1,0,0,1,0,2971,2791,144,360,1,1,1,5762,4.9698133,8.659039916,0,1,0,1,True Positive
223,LP001749,1,1,0,1,0,7578,1010,175,360,1,1,1,8588,5.164785974,9.058121159,0,1,0,1,True Positive
224,LP001750,1,1,0,1,0,6250,0,128,360,1,1,1,6250,4.852030264,8.740336743,0,1,0,1,True Positive
225,LP001751,1,1,0,1,0,3250,0,170,360,1,3,0,3250,5.135798437,8.086410275,0,1,0,1,False Positive
226,LP001754,1,1,0,0,1,4735,0,138,360,1,2,0,4735,4.927253685,8.462737006,0,1,0,1,False Positive
227,LP001758,1,1,2,1,0,6250,1695,210,360,1,1,1,7945,5.347107531,8.980298079,0,1,0,1,True Positive
228,LP001760,1,1,0,1,0,4758,0,158,480,1,1,1,4758,5.062595033,8.467582691,0,0,1,1,True Positive
229,LP001761,1,0,0,1,1,6400,0,200,360,1,3,1,6400,5.298317367,8.764053269,0,1,0,1,True Positive
230,LP001765,1,1,1,1,0,2491,2054,104,360,1,1,1,4545,4.644390899,8.421783007,0,1,0,1,True Positive
231,LP001768,1,1,0,1,0,3716,0,42,180,1,3,1,3716,3.737669618,8.2204031,0,1,0,1,True Positive
232,LP001770,1,0,0,0,0,3189,2598,120,360,1,3,1,5787,4.787491743,8.663369302,0,1,0,1,True Positive
233,LP001776,0,0,0,1,0,8333,0,280,360,1,1,1,8333,5.634789603,9.027978814,0,1,0,1,True Positive
234,LP001778,1,1,1,1,0,3155,1779,140,360,1,1,1,4934,4.941642423,8.503905297,0,1,0,1,True Positive
235,LP001784,1,1,1,1,0,5500,1260,170,360,1,3,1,6760,5.135798437,8.818778169,0,1,0,1,True Positive
236,LP001786,1,1,0,1,0,5746,0,255,360,1,2,0,5746,5.541263545,8.65625924,0,1,0,1,False Positive
237,LP001788,0,0,0,1,1,3463,0,122,360,1,2,1,3463,4.804021045,8.149890544,0,1,0,1,True Positive
238,LP001790,0,0,1,1,0,3812,0,112,360,1,3,1,3812,4.718498871,8.245909265,0,1,0,1,True Positive
239,LP001792,1,1,1,1,0,3315,0,96,360,1,1,1,3315,4.564348191,8.106212903,0,1,0,1,True Positive
240,LP001798,1,1,2,1,0,5819,5000,120,360,1,3,1,10819,4.787491743,9.289059127,0,1,0,1,True Positive
241,LP001800,1,1,1,0,0,2510,1983,140,180,1,2,0,4493,4.941642423,8.410275909,0,1,0,1,False Positive
242,LP001806,1,0,0,1,0,2965,5701,155,60,1,2,1,8666,5.043425117,9.067162602,1,0,0,1,True Positive
243,LP001807,1,1,2,1,1,6250,1300,108,360,1,3,1,7550,4.682131227,8.929302842,0,1,0,1,True Positive
244,LP001811,1,1,0,0,0,3406,4417,123,360,1,1,1,7823,4.812184355,8.964823392,0,1,0,1,True Positive
245,LP001813,1,0,0,1,1,6050,4333,120,180,1,2,0,10383,4.787491743,9.247925132,0,1,0,1,False Positive
246,LP001814,1,1,2,1,0,9703,0,112,360,1,2,1,9703,4.718498871,9.180190395,0,1,0,1,True Positive
247,LP001819,1,1,1,0,0,6608,0,137,180,1,2,1,6608,4.919980926,8.796036315,0,1,0,1,True Positive
248,LP001824,1,1,1,1,0,2882,1843,123,480,1,1,1,4725,4.812184355,8.46062284,0,0,1,1,True Positive
249,LP001825,1,1,0,1,0,1809,1868,90,360,1,2,1,3677,4.49980967,8.209852481,0,1,0,1,True Positive
250,LP001835,1,1,0,0,0,1668,3890,201,360,0,1,0,5558,5.303304908,8.62299361,0,1,0,0,True Negative
251,LP001836,0,0,2,1,0,3427,0,138,360,1,2,0,3427,4.927253685,8.139440522,0,1,0,1,False Positive
252,LP001841,1,0,0,0,1,2583,2167,104,360,1,3,1,4750,4.644390899,8.465899897,0,1,0,1,True Positive
253,LP001843,1,1,1,0,0,2661,7101,279,180,1,1,1,9762,5.631211782,9.186252576,0,1,0,1,True Positive
254,LP001844,1,0,0,1,1,16250,0,192,360,0,2,0,16250,5.257495372,9.695848188,0,1,0,0,True Negative
255,LP001846,0,0,3+,1,0,3083,0,255,360,1,3,1,3083,5.541263545,8.033658428,0,1,0,1,True Positive
256,LP001849,1,0,0,0,0,6045,0,115,360,0,3,0,6045,4.744932128,8.706986763,0,1,0,0,True Negative
257,LP001854,1,1,3+,1,0,5250,0,94,360,1,2,0,5250,4.543294782,8.565983356,0,1,0,1,False Positive
258,LP001859,1,1,0,1,0,14683,2100,304,360,1,3,0,16783,5.717027701,9.728121748,0,1,0,1,False Positive
259,LP001864,1,1,3+,0,0,4931,0,128,360,1,1,0,4931,4.852030264,8.503297086,0,1,0,1,False Positive
260,LP001865,1,1,1,1,0,6083,4250,330,360,1,2,1,10333,5.799092654,9.243097936,0,1,0,1,True Positive
261,LP001868,1,0,0,1,0,2060,2209,134,360,1,1,1,4269,4.8978398,8.359134887,0,1,0,1,True Positive
262,LP001870,0,0,1,1,0,3481,0,155,36,1,1,0,3481,5.043425117,8.155074888,0,0,1,1,False Positive
263,LP001871,0,0,0,1,0,7200,0,120,360,1,3,1,7200,4.787491743,8.881836305,0,1,0,1,True Positive
264,LP001872,1,0,0,1,1,5166,0,128,360,1,1,1,5166,4.852030264,8.549853974,0,1,0,1,True Positive
265,LP001875,1,0,0,1,0,4095,3447,151,360,1,3,1,7542,5.017279837,8.928242678,0,1,0,1,True Positive
266,LP001877,1,1,2,1,0,4708,1387,150,360,1,1,1,6095,5.010635294,8.715224042,0,1,0,1,True Positive
267,LP001882,1,1,3+,1,0,4333,1811,160,360,0,2,1,6144,5.075173815,8.723231275,0,1,0,0,False Negative
268,LP001883,0,0,0,1,0,3418,0,135,360,1,3,0,3418,4.905274778,8.136810864,0,1,0,1,False Positive
269,LP001884,0,0,1,1,0,2876,1560,90,360,1,2,1,4436,4.49980967,8.397508348,0,1,0,1,True Positive
270,LP001888,0,0,0,1,0,3237,0,30,360,1,2,1,3237,3.401197382,8.082402254,0,1,0,1,True Positive
271,LP001891,1,1,0,1,0,11146,0,136,360,1,2,1,11146,4.912654886,9.318835968,0,1,0,1,True Positive
272,LP001892,1,0,0,1,0,2833,1857,126,360,1,3,1,4690,4.836281907,8.453187861,0,1,0,1,True Positive
273,LP001894,1,1,0,1,0,2620,2223,150,360,1,1,1,4843,5.010635294,8.485289642,0,1,0,1,True Positive
274,LP001896,1,1,2,1,0,3900,0,90,360,1,1,1,3900,4.49980967,8.268731832,0,1,0,1,True Positive
275,LP001900,1,1,1,1,0,2750,1842,115,360,1,1,1,4592,4.744932128,8.432070938,0,1,0,1,True Positive
276,LP001903,1,1,0,1,0,3993,3274,207,360,1,1,1,7267,5.332718793,8.891098831,0,1,0,1,True Positive
277,LP001904,1,1,0,1,0,3103,1300,80,360,1,2,1,4403,4.382026635,8.390041406,0,1,0,1,True Positive
278,LP001907,1,1,0,1,0,14583,0,436,360,1,1,1,14583,6.077642243,9.587611746,0,1,0,1,True Positive
279,LP001908,0,1,0,0,0,4100,0,124,360,1,3,1,4100,4.820281566,8.318742253,0,1,0,1,True Positive
280,LP001910,1,0,1,0,1,4053,2426,158,360,0,2,0,6479,5.062595033,8.776321456,0,1,0,0,True Negative
281,LP001914,1,1,0,1,0,3927,800,112,360,1,1,1,4727,4.718498871,8.461046031,0,1,0,1,True Positive
282,LP001915,1,1,2,1,0,2301,985.7999878,78,180,1,2,1,3286.799988,4.356708827,8.097669722,0,1,0,1,True Positive
283,LP001917,0,0,0,1,0,1811,1666,54,360,1,2,1,3477,3.988984047,8.153925132,0,1,0,1,True Positive
284,LP001922,1,1,0,1,0,20667,0,130,360,1,3,0,20667,4.86753445,9.936293504,0,1,0,1,False Positive
285,LP001924,1,0,0,1,0,3158,3053,89,360,1,3,1,6211,4.48863637,8.734077193,0,1,0,1,True Positive
286,LP001925,0,0,0,1,1,2600,1717,99,300,1,1,0,4317,4.59511985,8.370315996,0,1,0,1,False Positive
287,LP001926,1,1,0,1,0,3704,2000,120,360,1,3,1,5704,4.787491743,8.648922962,0,1,0,1,True Positive
288,LP001931,0,0,0,1,0,4124,0,115,360,1,1,1,4124,4.744932128,8.324578845,0,1,0,1,True Positive
289,LP001935,1,0,0,1,0,9508,0,187,360,1,3,1,9508,5.231108617,9.159888828,0,1,0,1,True Positive
290,LP001936,1,1,0,1,0,3075,2416,139,360,1,3,1,5491,4.934473933,8.610865667,0,1,0,1,True Positive
291,LP001938,1,1,2,1,0,4400,0,127,360,0,1,0,4400,4.844187086,8.38935982,0,1,0,0,True Negative
292,LP001940,1,1,2,1,0,3153,1560,134,360,1,2,1,4713,4.8978398,8.458079927,0,1,0,1,True Positive
293,LP001945,0,0,0,1,0,5417,0,143,480,0,2,0,5417,4.96284463,8.597297436,0,0,1,0,True Negative
294,LP001947,1,1,0,1,0,2383,3334,172,360,1,1,1,5717,5.147494477,8.651199471,0,1,0,1,True Positive
295,LP001949,1,1,3+,1,0,4416,1250,110,360,1,2,1,5666,4.700480366,8.64223868,0,1,0,1,True Positive
296,LP001953,1,1,1,1,0,6875,0,200,360,1,1,1,6875,5.298317367,8.835646923,0,1,0,1,True Positive
297,LP001954,0,1,1,1,0,4666,0,135,360,1,2,1,4666,4.905274778,8.448057453,0,1,0,1,True Positive
298,LP001955,0,0,0,1,0,5000,2541,151,480,1,3,0,7541,5.017279837,8.928110078,0,0,1,0,True Negative
299,LP001963,1,1,1,1,0,2014,2925,113,360,1,2,0,4939,4.727387819,8.504918161,0,1,0,1,False Positive
300,LP001964,1,1,0,0,0,1800,2934,93,360,0,2,0,4734,4.532599493,8.46252579,0,1,0,0,True Negative
301,LP001972,1,1,0,0,0,2875,1750,105,360,1,1,1,4625,4.65396035,8.43923165,0,1,0,1,True Positive
302,LP001974,0,0,0,1,0,5000,0,132,360,1,3,1,5000,4.882801923,8.517193191,0,1,0,1,True Positive
303,LP001977,1,1,1,1,0,1625,1803,96,360,1,2,1,3428,4.564348191,8.13973228,0,1,0,1,True Positive
304,LP001978,1,0,0,1,0,4000,2500,140,360,1,3,1,6500,4.941642423,8.779557456,0,1,0,1,True Positive
305,LP001990,1,0,0,0,0,2000,0,113,360,1,2,0,2000,4.727387819,7.60090246,0,1,0,1,False Positive
306,LP001993,0,0,0,1,0,3762,1666,135,360,1,3,1,5428,4.905274778,8.599326021,0,1,0,1,True Positive
307,LP001994,0,0,0,1,0,2400,1863,104,360,0,2,0,4263,4.644390899,8.357728417,0,1,0,0,True Negative
308,LP001996,1,0,0,1,0,20233,0,480,360,1,3,0,20233,6.173786104,9.915070214,0,1,0,1,False Positive
309,LP001998,1,1,2,0,0,7667,0,185,360,1,3,1,7667,5.220355825,8.944680684,0,1,0,1,True Positive
310,LP002002,0,0,0,1,0,2917,0,84,360,1,1,1,2917,4.430816799,7.97831097,0,1,0,1,True Positive
311,LP002004,1,0,0,0,0,2927,2405,111,360,1,1,1,5332,4.709530201,8.581481681,0,1,0,1,True Positive
312,LP002006,0,0,0,1,0,2507,0,56,360,1,3,1,2507,4.025351691,7.826842098,0,1,0,1,True Positive
313,LP002008,1,1,2,1,1,5746,0,144,84,1,3,1,5746,4.9698133,8.65625924,0,1,0,1,True Positive
314,LP002024,1,1,0,1,0,2473,1843,159,360,1,3,0,4316,5.068904202,8.370084326,0,1,0,1,False Positive
315,LP002031,1,1,1,0,0,3399,1640,111,180,1,2,1,5039,4.709530201,8.524962929,0,1,0,1,True Positive
316,LP002035,1,1,2,1,0,3717,0,120,360,1,1,1,3717,4.787491743,8.22067217,0,1,0,1,True Positive
317,LP002036,1,1,0,1,0,2058,2134,88,360,1,2,1,4192,4.477336814,8.340933226,0,1,0,1,True Positive
318,LP002043,0,0,1,1,0,3541,0,112,360,1,1,1,3541,4.718498871,8.172164452,0,1,0,1,True Positive
319,LP002050,1,1,1,1,1,10000,0,155,360,1,3,0,10000,5.043425117,9.210340372,0,1,0,1,False Positive
320,LP002051,1,1,0,1,0,2400,2167,115,360,1,1,1,4567,4.744932128,8.426611813,0,1,0,1,True Positive
321,LP002053,1,1,3+,1,0,4342,189,124,360,1,1,1,4531,4.820281566,8.418697945,0,1,0,1,True Positive
322,LP002054,1,1,2,0,0,3601,1590,113,360,1,3,1,5191,4.727387819,8.554681636,0,1,0,1,True Positive
323,LP002055,0,0,0,1,0,3166,2985,132,360,1,3,1,6151,4.882801923,8.724369949,0,1,0,1,True Positive
324,LP002065,1,1,3+,1,0,15000,0,300,360,1,3,1,15000,5.703782475,9.61580548,0,1,0,1,True Positive
325,LP002067,1,1,1,1,1,8666,4983,376,360,0,3,0,13649,5.929589143,9.521421538,0,1,0,0,True Negative
326,LP002068,1,0,0,1,0,4917,0,130,360,0,3,1,4917,4.86753445,8.500453867,0,1,0,0,False Negative
327,LP002082,1,1,0,1,1,5818,2160,184,360,1,1,1,7978,5.214935758,8.984443032,0,1,0,1,True Positive
328,LP002086,0,1,0,1,0,4333,2451,110,360,1,2,0,6784,4.700480366,8.822322177,0,1,0,1,False Positive
329,LP002087,0,0,0,1,0,2500,0,67,360,1,2,1,2500,4.204692619,7.824046011,0,1,0,1,True Positive
330,LP002097,1,0,1,1,0,4384,1793,117,360,1,2,1,6177,4.762173935,8.728587996,0,1,0,1,True Positive
331,LP002098,1,0,0,1,0,2935,0,98,360,1,1,1,2935,4.584967479,7.984462732,0,1,0,1,True Positive
332,LP002100,1,0,0,1,0,2833,0,71,360,1,2,1,2833,4.262679877,7.9490915,0,1,0,1,True Positive
333,LP002101,1,1,0,1,0,63337,0,490,180,1,2,1,63337,6.194405391,11.05622496,0,1,0,1,True Positive
334,LP002103,1,1,1,1,1,9833,1833,182,180,1,2,1,11666,5.204006687,9.364433907,0,1,0,1,True Positive
335,LP002106,1,1,0,1,1,5503,4490,70,360,1,1,1,9993,4.248495242,9.209640127,0,1,0,1,True Positive
336,LP002110,1,1,1,1,0,5250,688,160,360,1,3,1,5938,5.075173815,8.689127655,0,1,0,1,True Positive
337,LP002112,1,1,2,1,1,2500,4600,176,360,1,3,1,7100,5.170483995,8.867850063,0,1,0,1,True Positive
338,LP002113,0,0,3+,0,0,1830,0,113,360,0,2,0,1830,4.727387819,7.512071246,0,1,0,0,True Negative
339,LP002114,0,0,0,1,0,4160,0,71,360,1,1,1,4160,4.262679877,8.333270353,0,1,0,1,True Positive
340,LP002115,1,1,3+,0,0,2647,1587,173,360,1,3,0,4234,5.153291594,8.350902452,0,1,0,1,False Positive
341,LP002116,0,0,0,1,0,2378,0,46,360,1,3,0,2378,3.828641396,7.774015077,0,1,0,1,False Positive
342,LP002119,1,1,1,0,0,4554,1229,158,360,1,2,1,5783,5.062595033,8.662677858,0,1,0,1,True Positive
343,LP002126,1,1,3+,0,0,3173,0,74,360,1,1,1,3173,4.304065093,8.062432792,0,1,0,1,True Positive
344,LP002128,1,1,2,1,0,2583,2330,125,360,1,3,1,4913,4.828313737,8.499640032,0,1,0,1,True Positive
345,LP002129,1,1,0,1,0,2499,2458,160,360,1,1,1,4957,5.075173815,8.508555998,0,1,0,1,True Positive
346,LP002130,1,1,0,0,0,3523,3230,152,360,0,3,0,6753,5.023880521,8.81774213,0,1,0,0,True Negative
347,LP002131,1,1,2,0,0,3083,2168,126,360,1,2,1,5251,4.836281907,8.566173814,0,1,0,1,True Positive
348,LP002137,1,1,0,1,0,6333,4583,259,360,1,1,1,10916,5.556828062,9.297984882,0,1,0,1,True Positive
349,LP002138,1,1,0,1,0,2625,6250,187,360,1,3,1,8875,5.231108617,9.090993614,0,1,0,1,True Positive
350,LP002139,1,1,0,1,0,9083,0,228,360,1,1,1,9083,5.429345629,9.114159814,0,1,0,1,True Positive
351,LP002140,1,0,0,1,0,8750,4167,308,360,1,3,0,12917,5.730099783,9.466299552,0,1,0,1,False Positive
352,LP002141,1,1,3+,1,0,2666,2083,95,360,1,3,1,4749,4.553876892,8.465689349,0,1,0,1,True Positive
353,LP002142,0,1,0,1,1,5500,0,105,360,0,3,0,5500,4.65396035,8.612503371,0,1,0,0,True Negative
354,LP002143,0,1,0,1,0,2423,505,130,360,1,1,1,2928,4.86753445,7.982074875,0,1,0,1,True Positive
355,LP002144,0,0,0,1,0,3813,0,116,180,1,2,1,3813,4.753590191,8.24617156,0,1,0,1,True Positive
356,LP002149,1,1,2,1,0,8333,3167,165,360,1,3,1,11500,5.105945474,9.350102314,0,1,0,1,True Positive
357,LP002151,1,1,1,1,0,3875,0,67,360,1,2,0,3875,4.204692619,8.262300942,0,1,0,1,False Positive
358,LP002158,1,1,0,0,0,3000,1666,100,480,0,2,0,4666,4.605170186,8.448057453,0,0,1,0,True Negative
359,LP002160,1,1,3+,1,0,5167,3167,200,360,1,1,1,8334,5.298317367,9.028098812,0,1,0,1,True Positive
360,LP002161,0,0,1,1,0,4723,0,81,360,1,1,0,4723,4.394449155,8.46019947,0,1,0,1,False Positive
361,LP002170,1,1,2,1,0,5000,3667,236,360,1,1,1,8667,5.463831805,9.067277989,0,1,0,1,True Positive
362,LP002175,1,1,0,1,0,4750,2333,130,360,1,2,1,7083,4.86753445,8.865452826,0,1,0,1,True Positive
363,LP002178,1,1,0,1,0,3013,3033,95,300,1,2,1,6046,4.553876892,8.707152175,0,1,0,1,True Positive
364,LP002180,1,0,0,1,1,6822,0,141,360,1,3,1,6822,4.94875989,8.827907963,0,1,0,1,True Positive
365,LP002181,1,0,0,0,0,6216,0,133,360,1,3,0,6216,4.890349128,8.734881892,0,1,0,1,False Positive
366,LP002187,1,0,0,1,0,2500,0,96,480,1,1,0,2500,4.564348191,7.824046011,0,0,1,1,False Positive
367,LP002188,1,0,0,1,0,5124,0,124,360,0,3,0,5124,4.820281566,8.541690663,0,1,0,0,True Negative
368,LP002190,1,1,1,1,0,6325,0,175,360,1,1,1,6325,5.164785974,8.752265314,0,1,0,1,True Positive
369,LP002191,1,1,0,1,0,19730,5266,570,360,1,3,0,24996,6.345636361,10.12647109,0,1,0,1,False Positive
370,LP002194,0,0,0,1,1,15759,0,55,360,1,1,1,15759,4.007333185,9.66516691,0,1,0,1,True Positive
371,LP002197,1,1,2,1,0,5185,0,155,360,1,1,1,5185,5.043425117,8.553525121,0,1,0,1,True Positive
372,LP002201,1,1,2,1,1,9323,7873,380,300,1,3,1,17196,5.940171253,9.752432078,0,1,0,1,True Positive
373,LP002205,1,0,1,1,0,3062,1987,111,180,0,2,0,5049,4.709530201,8.526945483,0,1,0,0,True Negative
374,LP002209,0,0,0,1,0,2764,1459,110,360,1,2,1,4223,4.700480366,8.348301055,0,1,0,1,True Positive
375,LP002211,1,1,0,1,0,4817,923,120,180,1,2,1,5740,4.787491743,8.655214489,0,1,0,1,True Positive
376,LP002219,1,1,3+,1,0,8750,4996,130,360,1,3,1,13746,4.86753445,9.528503152,0,1,0,1,True Positive
377,LP002223,1,1,0,1,0,4310,0,130,360,1,1,1,4310,4.86753445,8.368693183,0,1,0,1,True Positive
378,LP002224,1,0,0,1,0,3069,0,71,480,1,2,0,3069,4.262679877,8.029107055,0,0,1,0,True Negative
379,LP002225,1,1,2,1,0,5391,0,130,360,1,2,1,5391,4.86753445,8.592486175,0,1,0,1,True Positive
380,LP002226,1,1,0,1,0,3333,2500,128,360,1,1,1,5833,4.852030264,8.671286727,0,1,0,1,True Positive
381,LP002229,1,0,0,1,0,5941,4232,296,360,1,1,1,10173,5.690359454,9.227492431,0,1,0,1,True Positive
382,LP002231,0,0,0,1,0,6000,0,156,360,1,2,1,6000,5.049856007,8.699514748,0,1,0,1,True Positive
383,LP002234,1,0,0,1,1,7167,0,128,360,1,2,1,7167,4.852030264,8.877242436,0,1,0,1,True Positive
384,LP002236,1,1,2,1,0,4566,0,100,360,1,2,0,4566,4.605170186,8.426392827,0,1,0,1,False Positive
385,LP002237,1,0,1,1,0,3667,0,113,180,1,2,1,3667,4.727387819,8.207129168,0,1,0,1,True Positive
386,LP002239,1,0,0,0,0,2346,1600,132,360,1,1,1,3946,4.882801923,8.280457687,0,1,0,1,True Positive
387,LP002243,1,1,0,0,0,3010,3136,113,360,0,2,0,6146,4.727387819,8.723556743,0,1,0,0,True Negative
388,LP002244,1,1,0,1,0,2333,2417,136,360,1,2,1,4750,4.912654886,8.465899897,0,1,0,1,True Positive
389,LP002250,1,1,0,1,0,5488,0,125,360,1,3,1,5488,4.828313737,8.610319169,0,1,0,1,True Positive
390,LP002255,1,0,3+,1,0,9167,0,185,360,1,3,1,9167,5.220355825,9.123365358,0,1,0,1,True Positive
391,LP002262,1,1,3+,1,0,9504,0,275,360,1,3,1,9504,5.616771098,9.159468042,0,1,0,1,True Positive
392,LP002263,1,1,0,1,0,2583,2115,120,360,1,2,1,4698,4.787491743,8.454892165,0,1,0,1,True Positive
393,LP002265,1,1,2,0,0,1993,1625,113,180,1,1,1,3618,4.727387819,8.193676666,0,1,0,1,True Positive
394,LP002266,1,1,2,1,0,3100,1400,113,360,1,2,1,4500,4.727387819,8.411832676,0,1,0,1,True Positive
395,LP002272,1,1,2,1,0,3276,484,135,360,1,1,1,3760,4.905274778,8.232174236,0,1,0,1,True Positive
396,LP002277,0,0,0,1,0,3180,0,71,360,0,2,0,3180,4.262679877,8.064636476,0,1,0,0,True Negative
397,LP002281,1,1,0,1,0,3033,1459,95,360,1,2,1,4492,4.553876892,8.410053316,0,1,0,1,True Positive
398,LP002284,1,0,0,0,0,3902,1666,109,360,1,3,1,5568,4.691347882,8.624791202,0,1,0,1,True Positive
399,LP002287,0,0,0,1,0,1500,1800,103,360,0,1,0,3300,4.634728988,8.101677747,0,1,0,0,True Negative
400,LP002288,1,1,2,0,0,2889,0,45,180,0,2,0,2889,3.80666249,7.9686657,0,1,0,0,True Negative
401,LP002296,1,0,0,0,0,2755,0,65,300,1,3,0,2755,4.17438727,7.921172722,0,1,0,1,False Positive
402,LP002297,1,0,0,1,0,2500,20000,103,360,1,1,1,22500,4.634728988,10.02127059,0,1,0,1,True Positive
403,LP002300,0,0,0,0,0,1963,0,53,360,1,1,1,1963,3.970291914,7.582229194,0,1,0,1,True Positive
404,LP002301,0,0,0,1,1,7441,0,194,360,1,3,0,7441,5.267858159,8.914760527,0,1,0,1,False Positive
405,LP002305,0,0,0,1,0,4547,0,115,360,1,1,1,4547,4.744932128,8.422222954,0,1,0,1,True Positive
406,LP002308,1,1,0,0,0,2167,2400,115,360,1,2,1,4567,4.744932128,8.426611813,0,1,0,1,True Positive
407,LP002314,0,0,0,0,0,2213,0,66,360,1,3,1,2213,4.189654742,7.70210434,0,1,0,1,True Positive
408,LP002315,1,1,1,1,0,8300,0,152,300,0,1,0,8300,5.023880521,9.024010794,0,1,0,0,True Negative
409,LP002317,1,1,3+,1,0,81000,0,360,360,0,3,0,81000,5.886104031,11.30220443,0,1,0,0,True Negative
410,LP002318,0,0,1,0,1,3867,0,62,360,1,1,0,3867,4.127134385,8.260234292,0,1,0,1,False Positive
411,LP002319,1,1,0,1,0,6256,0,160,360,1,2,1,6256,5.075173815,8.741296282,0,1,0,1,True Positive
412,LP002328,1,1,0,0,0,6096,0,218,360,0,3,0,6096,5.384495063,8.715388097,0,1,0,0,True Negative
413,LP002332,1,1,0,0,0,2253,2033,110,360,1,3,1,4286,4.700480366,8.363109176,0,1,0,1,True Positive
414,LP002335,0,1,0,0,0,2149,3237,178,360,0,1,0,5386,5.18178355,8.591558273,0,1,0,0,True Negative
415,LP002337,0,0,0,1,0,2995,0,60,360,1,2,1,2995,4.094344562,8.004699511,0,1,0,1,True Positive
416,LP002341,0,0,1,1,0,2600,0,160,360,1,2,0,2600,5.075173815,7.863266724,0,1,0,1,False Positive
417,LP002342,1,1,2,1,1,1600,20000,239,360,1,2,0,21600,5.476463552,9.980448594,0,1,0,1,False Positive
418,LP002345,1,1,0,1,0,1025,2773,112,360,1,3,1,3798,4.718498871,8.242229891,0,1,0,1,True Positive
419,LP002347,1,1,0,1,0,3246,1417,138,360,1,1,1,4663,4.927253685,8.447414297,0,1,0,1,True Positive
420,LP002348,1,1,0,1,0,5829,0,138,360,1,3,1,5829,4.927253685,8.670600738,0,1,0,1,True Positive
421,LP002357,0,0,0,0,0,2720,0,80,360,0,2,0,2720,4.382026635,7.908387159,0,1,0,0,True Negative
422,LP002361,1,1,0,1,0,1820,1719,100,360,1,2,1,3539,4.605170186,8.17159948,0,1,0,1,True Positive
423,LP002362,1,1,1,1,0,7250,1667,110,360,0,2,0,8917,4.700480366,9.095714846,0,1,0,0,True Negative
424,LP002364,1,1,0,1,0,14880,0,96,360,1,1,1,14880,4.564348191,9.607773308,0,1,0,1,True Positive
425,LP002366,1,1,0,1,0,2666,4300,121,360,1,3,1,6966,4.795790546,8.848796451,0,1,0,1,True Positive
426,LP002367,0,0,1,0,0,4606,0,81,360,1,3,0,4606,4.394449155,8.43511508,0,1,0,1,False Positive
427,LP002368,1,1,2,1,0,5935,0,133,360,1,1,1,5935,4.890349128,8.688622307,0,1,0,1,True Positive
428,LP002369,1,1,0,1,0,2920,16.12000084,87,360,1,3,1,2936.120001,4.465908119,7.984844261,0,1,0,1,True Positive
429,LP002370,1,0,0,0,0,2717,0,60,180,1,2,1,2717,4.094344562,7.907283609,0,1,0,1,True Positive
430,LP002377,0,0,1,1,1,8624,0,150,360,1,1,1,8624,5.010635294,9.062304293,0,1,0,1,True Positive
431,LP002379,1,0,0,1,0,6500,0,105,360,0,3,0,6500,4.65396035,8.779557456,0,1,0,0,True Negative
432,LP002386,1,0,0,1,0,12876,0,405,360,1,1,1,12876,6.003887067,9.463120392,0,1,0,1,True Positive
433,LP002387,1,1,0,1,0,2425,2340,143,360,1,1,1,4765,4.96284463,8.469052816,0,1,0,1,True Positive
434,LP002390,1,0,0,1,0,3750,0,100,360,1,2,1,3750,4.605170186,8.229511119,0,1,0,1,True Positive
435,LP002393,0,1,0,1,0,10047,0,130,240,1,1,1,10047,4.86753445,9.215029361,0,1,0,1,True Positive
436,LP002398,1,0,0,1,0,1926,1851,50,360,1,1,1,3777,3.912023005,8.236685323,0,1,0,1,True Positive
437,LP002401,1,1,0,1,0,2213,1125,130,360,1,2,1,3338,4.86753445,8.113127104,0,1,0,1,True Positive
438,LP002403,1,0,0,1,1,10416,0,187,360,0,2,0,10416,5.231108617,9.251098364,0,1,0,0,True Negative
439,LP002407,0,1,0,0,1,7142,0,138,360,1,3,1,7142,4.927253685,8.873748128,0,1,0,1,True Positive
440,LP002408,1,0,0,1,0,3660,5064,187,360,1,1,1,8724,5.231108617,9.073833127,0,1,0,1,True Positive
441,LP002409,1,1,0,1,0,7901,1833,180,360,1,3,1,9734,5.192956851,9.18338019,0,1,0,1,True Positive
442,LP002418,1,0,3+,0,0,4707,1993,148,360,1,1,1,6700,4.997212274,8.809862805,0,1,0,1,True Positive
443,LP002422,1,0,1,1,0,37719,0,152,360,1,1,1,37719,5.023880521,10.53791923,0,1,0,1,True Positive
444,LP002424,1,1,0,1,0,7333,8333,175,300,1,3,1,15666,5.164785974,9.659248038,0,1,0,1,True Positive
445,LP002429,1,1,1,1,1,3466,1210,130,360,1,3,1,4676,4.86753445,8.450198323,0,1,0,1,True Positive
446,LP002434,1,1,2,0,0,4652,0,110,360,1,3,1,4652,4.700480366,8.445052514,0,1,0,1,True Positive
447,LP002435,1,1,0,1,0,3539,1376,55,360,1,3,0,4915,4.007333185,8.500047033,0,1,0,1,False Positive
448,LP002443,1,1,2,1,0,3340,1710,150,360,0,3,0,5050,5.010635294,8.527143522,0,1,0,0,True Negative
449,LP002444,1,0,1,0,1,2769,1542,190,360,1,1,0,4311,5.247024072,8.368925175,0,1,0,1,False Positive
450,LP002446,1,1,2,0,0,2309,1255,125,360,0,3,0,3564,4.828313737,8.178638789,0,1,0,0,True Negative
451,LP002447,1,1,2,0,0,1958,1456,60,300,1,2,1,3414,4.094344562,8.135639903,0,1,0,1,True Positive
452,LP002448,1,1,0,1,0,3948,1733,149,360,0,3,0,5681,5.003946306,8.644882553,0,1,0,0,True Negative
453,LP002449,1,1,0,1,0,2483,2466,90,180,0,3,1,4949,4.49980967,8.506940815,0,1,0,0,False Negative
454,LP002453,1,0,0,1,1,7085,0,84,360,1,1,1,7085,4.430816799,8.865735152,0,1,0,1,True Positive
455,LP002455,1,1,2,1,0,3859,0,96,360,1,1,1,3859,4.564348191,8.258163362,0,1,0,1,True Positive
456,LP002459,1,1,0,1,0,4301,0,118,360,1,2,1,4301,4.770684624,8.366602833,0,1,0,1,True Positive
457,LP002467,1,1,0,1,0,3708,2569,173,360,1,2,0,6277,5.153291594,8.744647438,0,1,0,1,False Positive
458,LP002472,1,0,2,1,0,4354,0,136,360,1,3,1,4354,4.912654886,8.378850242,0,1,0,1,True Positive
459,LP002473,1,1,0,1,0,8334,0,160,360,1,1,0,8334,5.075173815,9.028098812,0,1,0,1,False Positive
460,LP002478,1,1,0,1,1,2083,4083,160,360,1,1,1,6166,5.075173815,8.726805608,0,1,0,1,True Positive
461,LP002484,1,1,3+,1,0,7740,0,128,180,1,2,1,7740,4.852030264,8.954156967,0,1,0,1,True Positive
462,LP002487,1,1,0,1,0,3015,2188,153,360,1,3,1,5203,5.030437921,8.556990661,0,1,0,1,True Positive
463,LP002489,0,0,1,0,0,5191,0,132,360,1,1,1,5191,4.882801923,8.554681636,0,1,0,1,True Positive
464,LP002493,1,0,0,1,0,4166,0,98,360,0,1,0,4166,4.584967479,8.334711622,0,1,0,0,True Negative
465,LP002494,1,0,0,1,0,6000,0,140,360,1,3,1,6000,4.941642423,8.699514748,0,1,0,1,True Positive
466,LP002500,1,1,3+,0,0,2947,1664,70,180,0,2,0,4611,4.248495242,8.436200032,0,1,0,0,True Negative
467,LP002501,1,1,0,1,0,16692,0,110,360,1,1,1,16692,4.700480366,9.722684842,0,1,0,1,True Positive
468,LP002502,0,1,2,0,0,210,2917,98,360,1,1,1,3127,4.584967479,8.047829357,0,1,0,1,True Positive
469,LP002505,1,1,0,1,0,4333,2451,110,360,1,2,0,6784,4.700480366,8.822322177,0,1,0,1,False Positive
470,LP002515,1,1,1,1,1,3450,2079,162,360,1,1,1,5529,5.087596335,8.617762246,0,1,0,1,True Positive
471,LP002517,1,1,1,0,0,2653,1500,113,180,0,3,0,4153,4.727387819,8.331586244,0,1,0,0,True Negative
472,LP002519,1,1,3+,1,0,4691,0,100,360,1,1,1,4691,4.605170186,8.453401058,0,1,0,1,True Positive
473,LP002522,0,0,0,1,1,2500,0,93,360,1,2,1,2500,4.532599493,7.824046011,0,1,0,1,True Positive
474,LP002524,1,0,2,1,0,5532,4648,162,360,1,3,1,10180,5.087596335,9.22818029,0,1,0,1,True Positive
475,LP002527,1,1,2,1,1,16525,1014,150,360,1,3,1,17539,5.010635294,9.772182252,0,1,0,1,True Positive
476,LP002529,1,1,2,1,0,6700,1750,230,300,1,1,1,8450,5.438079309,9.04192172,0,1,0,1,True Positive
477,LP002530,1,1,2,1,0,2873,1872,132,360,0,1,0,4745,4.882801923,8.464846711,0,1,0,0,True Negative
478,LP002531,1,1,1,1,1,16667,2250,86,360,1,1,1,18917,4.454347296,9.847816268,0,1,0,1,True Positive
479,LP002533,1,1,2,1,0,2947,1603,130,360,1,2,0,4550,4.86753445,8.422882512,0,1,0,1,False Positive
480,LP002534,0,0,0,0,0,4350,0,154,360,1,3,1,4350,5.036952602,8.377931124,0,1,0,1,True Positive
481,LP002536,1,1,3+,0,0,3095,0,113,360,1,3,1,3095,4.727387819,8.037543185,0,1,0,1,True Positive
482,LP002537,1,1,0,1,0,2083,3150,128,360,1,1,1,5233,4.852030264,8.562740006,0,1,0,1,True Positive
483,LP002541,1,1,0,1,0,10833,0,234,360,1,1,1,10833,5.455321115,9.29035231,0,1,0,1,True Positive
484,LP002543,1,1,2,1,0,8333,0,246,360,1,1,1,8333,5.505331536,9.027978814,0,1,0,1,True Positive
485,LP002544,1,1,1,0,0,1958,2436,131,360,1,3,1,4394,4.875197323,8.387995253,0,1,0,1,True Positive
486,LP002545,1,0,2,1,0,3547,0,80,360,0,3,0,3547,4.382026635,8.173857455,0,1,0,0,True Negative
487,LP002547,1,1,1,1,0,18333,0,500,360,1,2,0,18333,6.214608098,9.816457994,0,1,0,1,False Positive
488,LP002555,1,1,2,1,1,4583,2083,160,360,1,1,1,6666,5.075173815,8.804775259,0,1,0,1,True Positive
489,LP002556,1,0,0,1,0,2435,0,75,360,1,2,0,2435,4.317488114,7.797702036,0,1,0,1,False Positive
490,LP002560,1,0,0,0,0,2699,2785,96,360,1,1,1,5484,4.564348191,8.609590041,0,1,0,1,True Positive
491,LP002562,1,1,1,0,0,5333,1131,186,360,1,2,1,6464,5.225746674,8.7740036,0,1,0,1,True Positive
492,LP002571,1,0,0,0,0,3691,0,110,360,1,3,1,3691,4.700480366,8.213652703,0,1,0,1,True Positive
493,LP002582,0,0,0,0,1,17263,0,225,360,1,1,1,17263,5.416100402,9.756320762,0,1,0,1,True Positive
494,LP002585,1,1,0,1,0,3597,2157,119,360,0,3,0,5754,4.779123493,8.657650544,0,1,0,0,True Negative
495,LP002586,0,1,1,1,0,3326,913,105,84,1,1,1,4239,4.65396035,8.352082671,0,1,0,1,True Positive
496,LP002587,1,1,0,0,0,2600,1700,107,360,1,3,1,4300,4.672828834,8.366370302,0,1,0,1,True Positive
497,LP002588,1,1,0,1,0,4625,2857,111,12,1,2,1,7482,4.709530201,8.920255415,1,0,0,1,True Positive
498,LP002600,1,1,1,1,1,2895,0,95,360,1,1,1,2895,4.553876892,7.97074039,0,1,0,1,True Positive
499,LP002602,1,0,0,1,0,6283,4416,209,360,0,3,0,10699,5.342334252,9.277905558,0,1,0,0,True Negative
500,LP002603,0,0,0,1,0,645,3683,113,480,1,3,1,4328,4.727387819,8.372860821,0,0,1,0,False Negative
501,LP002606,0,0,0,1,0,3159,0,100,360,1,1,1,3159,4.605170186,8.058010801,0,1,0,1,True Positive
502,LP002615,1,1,2,1,0,4865,5624,208,360,1,1,1,10489,5.33753808,9.258082368,0,1,0,1,True Positive
503,LP002618,1,1,1,0,0,4050,5302,138,360,1,3,0,9352,4.927253685,9.143345503,0,1,0,1,False Positive
504,LP002619,1,1,0,0,0,3814,1483,124,300,1,1,1,5297,4.820281566,8.574895902,0,1,0,1,True Positive
505,LP002622,1,1,2,1,0,3510,4416,243,360,1,3,1,7926,5.493061443,8.977903774,0,1,0,1,True Positive
506,LP002624,1,1,0,1,0,20833,6667,480,360,1,2,1,27500,6.173786104,10.22194128,0,1,0,1,True Positive
507,LP002625,1,0,0,1,0,3583,0,96,360,1,2,0,3583,4.564348191,8.183955717,0,1,0,1,False Positive
508,LP002626,1,1,0,1,1,2479,3013,188,360,1,2,1,5492,5.236441963,8.611047767,0,1,0,1,True Positive
509,LP002634,0,0,1,1,0,13262,0,40,360,1,2,1,13262,3.688879454,9.492658082,0,1,0,1,True Positive
510,LP002637,1,0,0,0,0,3598,1287,100,360,1,3,0,4885,4.605170186,8.493924564,0,1,0,1,False Positive
511,LP002640,1,1,1,1,0,6065,2004,250,360,1,1,1,8069,5.521460918,8.995784838,0,1,0,1,True Positive
512,LP002643,1,1,2,1,0,3283,2035,148,360,1,2,1,5318,4.997212274,8.578852572,0,1,0,1,True Positive
513,LP002648,1,1,0,1,0,2130,6666,70,180,1,1,0,8796,4.248495242,9.082052352,0,1,0,1,False Positive
514,LP002652,1,0,0,1,0,5815,3666,311,360,1,3,0,9481,5.739792912,9.157045075,0,1,0,1,False Positive
515,LP002659,1,1,3+,1,0,3466,3428,150,360,1,3,1,6894,5.010635294,8.838406747,0,1,0,1,True Positive
516,LP002670,0,1,2,1,0,2031,1632,113,480,1,1,1,3663,4.727387819,8.206037763,0,0,1,1,True Positive
517,LP002682,1,1,0,0,0,3074,1800,123,360,0,1,0,4874,4.812184355,8.491670234,0,1,0,0,True Negative
518,LP002683,1,0,0,1,0,4683,1915,185,360,1,1,0,6598,5.220355825,8.794521852,0,1,0,1,False Positive
519,LP002684,0,0,0,0,0,3400,0,95,360,1,3,0,3400,4.553876892,8.131530711,0,1,0,1,False Positive
520,LP002689,1,1,2,0,0,2192,1742,45,360,1,1,1,3934,3.80666249,8.277411999,0,1,0,1,True Positive
521,LP002690,1,0,0,1,0,2500,0,55,360,1,1,1,2500,4.007333185,7.824046011,0,1,0,1,True Positive
522,LP002692,1,1,3+,1,1,5677,1424,100,360,1,3,1,7101,4.605170186,8.867990898,0,1,0,1,True Positive
523,LP002693,1,1,2,1,1,7948,7166,480,360,1,3,1,15114,6.173786104,9.623376746,0,1,0,1,True Positive
524,LP002697,1,0,0,1,0,4680,2087,130,360,1,1,0,6767,4.86753445,8.819813136,0,1,0,1,False Positive
525,LP002699,1,1,2,1,1,17500,0,400,360,1,3,1,17500,5.991464547,9.76995616,0,1,0,1,True Positive
526,LP002705,1,1,0,1,0,3775,0,110,360,1,1,1,3775,4.700480366,8.236155662,0,1,0,1,True Positive
527,LP002706,1,1,1,0,0,5285,1430,161,360,0,1,1,6715,5.081404365,8.812099109,0,1,0,0,False Negative
528,LP002714,1,0,1,0,0,2679,1302,94,360,1,1,1,3981,4.543294782,8.289288323,0,1,0,1,True Positive
529,LP002716,1,0,0,0,0,6783,0,130,360,1,1,1,6783,4.86753445,8.822174761,0,1,0,1,True Positive
530,LP002717,1,1,0,1,0,1025,5500,216,360,1,3,1,6525,5.375278408,8.783396232,0,1,0,1,True Positive
531,LP002720,1,1,3+,1,0,4281,0,100,360,1,2,1,4281,4.605170186,8.361941906,0,1,0,1,True Positive
532,LP002723,1,0,2,1,0,3588,0,110,360,0,3,0,3588,4.700480366,8.185350223,0,1,0,0,True Negative
533,LP002729,1,0,1,1,0,11250,0,196,360,1,1,0,11250,5.278114659,9.328123408,0,1,0,1,False Positive
534,LP002731,0,0,0,0,1,18165,0,125,360,1,2,1,18165,4.828313737,9.807251945,0,1,0,1,True Positive
535,LP002732,1,0,0,0,0,2550,2042,126,360,1,3,1,4592,4.836281907,8.432070938,0,1,0,1,True Positive
536,LP002734,1,1,0,1,0,6133,3906,324,360,1,2,1,10039,5.780743516,9.214232787,0,1,0,1,True Positive
537,LP002738,1,0,2,1,0,3617,0,107,360,1,1,1,3617,4.672828834,8.193400232,0,1,0,1,True Positive
538,LP002739,1,1,0,0,0,2917,536,66,360,1,3,0,3453,4.189654742,8.146998697,0,1,0,1,False Positive
539,LP002740,1,1,3+,1,0,6417,0,157,180,1,3,1,6417,5.056245805,8.766705998,0,1,0,1,True Positive
540,LP002741,0,1,1,1,0,4608,2845,140,180,1,1,1,7453,4.941642423,8.916371915,0,1,0,1,True Positive
541,LP002743,0,0,0,1,0,2138,0,99,360,0,1,0,2138,4.59511985,7.667626092,0,1,0,0,True Negative
542,LP002753,0,0,1,1,0,3652,0,95,360,1,1,1,3652,4.553876892,8.203030242,0,1,0,1,True Positive
543,LP002755,1,1,1,0,0,2239,2524,128,360,1,2,1,4763,4.852030264,8.468633001,0,1,0,1,True Positive
544,LP002757,0,1,0,0,0,3017,663,102,360,1,1,1,3680,4.624972813,8.210668031,0,1,0,1,True Positive
545,LP002767,1,1,0,1,0,2768,1950,155,360,1,3,1,4718,5.043425117,8.45914026,0,1,0,1,True Positive
546,LP002768,1,0,0,0,0,3358,0,80,36,1,1,0,3358,4.382026635,8.119100838,0,0,1,1,False Positive
547,LP002772,1,0,0,1,0,2526,1783,145,360,1,3,1,4309,4.976733742,8.368461138,0,1,0,1,True Positive
548,LP002776,0,0,0,1,0,5000,0,103,360,0,1,0,5000,4.634728988,8.517193191,0,1,0,0,True Negative
549,LP002777,1,1,0,1,0,2785,2016,110,360,1,3,1,4801,4.700480366,8.476579509,0,1,0,1,True Positive
550,LP002778,1,1,2,1,1,6633,0,157.5,360,0,3,0,6633,5.059425458,8.79981247,0,1,0,0,True Negative
551,LP002784,1,1,1,0,0,2492,2375,113,360,1,3,1,4867,4.727387819,8.49023301,0,1,0,1,True Positive
552,LP002785,1,1,1,1,0,3333,3250,158,360,1,2,1,6583,5.062595033,8.792245847,0,1,0,1,True Positive
553,LP002788,1,1,0,0,0,2454,2333,181,360,0,2,0,4787,5.198497031,8.473659189,0,1,0,0,True Negative
554,LP002789,1,1,0,1,0,3593,4266,132,180,0,3,0,7859,4.882801923,8.969414651,0,1,0,0,True Negative
555,LP002792,1,1,1,1,0,5468,1032,26,360,1,1,1,6500,3.258096538,8.779557456,0,1,0,1,True Positive
556,LP002794,0,0,0,1,0,2667,1625,84,360,1,2,1,4292,4.430816799,8.364508104,0,1,0,1,True Positive
557,LP002795,1,1,3+,1,1,10139,0,260,360,1,1,1,10139,5.560681631,9.224144653,0,1,0,1,True Positive
558,LP002798,1,1,0,1,0,3887,2669,162,360,1,1,1,6556,5.087596335,8.78813594,0,1,0,1,True Positive
559,LP002804,0,1,0,1,0,4180,2306,182,360,1,1,1,6486,5.204006687,8.777401287,0,1,0,1,True Positive
560,LP002807,1,1,2,0,0,3675,242,108,360,1,1,1,3917,4.682131227,8.273081334,0,1,0,1,True Positive
561,LP002813,0,1,1,1,1,19484,0,600,360,1,1,1,19484,6.396929655,9.877348895,0,1,0,1,True Positive
562,LP002820,1,1,0,1,0,5923,2054,211,360,1,3,1,7977,5.351858133,8.98431768,0,1,0,1,True Positive
563,LP002821,1,0,0,0,1,5800,0,132,360,1,1,1,5800,4.882801923,8.665613197,0,1,0,1,True Positive
564,LP002832,1,1,2,1,0,8799,0,258,360,0,2,0,8799,5.552959585,9.082393358,0,1,0,0,True Negative
565,LP002833,1,1,0,0,0,4467,0,120,360,1,3,1,4467,4.787491743,8.404472321,0,1,0,1,True Positive
566,LP002836,1,0,0,1,0,3333,0,70,360,1,2,1,3333,4.248495242,8.111628078,0,1,0,1,True Positive
567,LP002837,1,1,3+,1,0,3400,2500,123,360,0,3,0,5900,4.812184355,8.68270763,0,1,0,0,True Negative
568,LP002840,0,0,0,1,0,2378,0,9,360,1,2,0,2378,2.197224577,7.774015077,0,1,0,1,False Positive
569,LP002841,1,1,0,1,0,3166,2064,104,360,0,2,0,5230,4.644390899,8.562166557,0,1,0,0,True Negative
570,LP002842,1,1,1,1,0,3417,1750,186,360,1,2,1,5167,5.225746674,8.550047528,0,1,0,1,True Positive
571,LP002847,1,1,0,1,0,5116,1451,165,360,0,2,0,6567,5.105945474,8.789812386,0,1,0,0,True Negative
572,LP002855,1,1,2,1,0,16666,0,275,360,1,2,1,16666,5.616771098,9.721125995,0,1,0,1,True Positive
573,LP002862,1,1,2,0,0,6125,1625,187,480,1,1,0,7750,5.231108617,8.955448122,0,0,1,1,False Positive
574,LP002863,1,1,3+,1,0,6406,0,150,360,1,1,0,6406,5.010635294,8.76499033,0,1,0,1,False Positive
575,LP002868,1,1,2,1,0,3159,461,108,84,1,2,1,3620,4.682131227,8.194229305,0,1,0,1,True Positive
576,LP002872,1,1,0,1,0,3087,2210,136,360,0,1,0,5297,4.912654886,8.574895902,0,1,0,0,True Negative
577,LP002874,1,0,0,1,0,3229,2739,110,360,1,2,1,5968,4.700480366,8.694167142,0,1,0,1,True Positive
578,LP002877,1,1,1,1,0,1782,2232,107,360,1,3,1,4014,4.672828834,8.297543529,0,1,0,1,True Positive
579,LP002888,1,0,0,1,0,3182,2917,161,360,1,2,1,6099,5.081404365,8.715880102,0,1,0,1,True Positive
580,LP002892,1,1,2,1,0,6540,0,205,360,1,1,1,6540,5.323009979,8.785692444,0,1,0,1,True Positive
581,LP002893,1,0,0,1,0,1836,33837,90,360,1,2,0,35673,4.49980967,10.48214938,0,1,0,1,False Positive
582,LP002894,0,1,0,1,0,3166,0,36,360,1,1,1,3166,3.583518938,8.06022424,0,1,0,1,True Positive
583,LP002898,1,1,1,1,0,1880,0,61,360,1,3,0,1880,4.110873864,7.539027056,0,1,0,1,False Positive
584,LP002911,1,1,1,1,0,2787,1917,146,360,0,3,0,4704,4.983606622,8.45616849,0,1,0,0,True Negative
585,LP002912,1,1,1,1,0,4283,3000,172,84,1,3,0,7283,5.147494477,8.893298144,0,1,0,1,False Positive
586,LP002916,1,1,0,1,0,2297,1522,104,360,1,2,1,3819,4.644390899,8.247743887,0,1,0,1,True Positive
587,LP002917,0,0,0,0,0,2165,0,70,360,1,1,1,2165,4.248495242,7.68017564,0,1,0,1,True Positive
588,LP002925,1,0,0,1,0,4750,0,94,360,1,1,1,4750,4.543294782,8.465899897,0,1,0,1,True Positive
589,LP002926,1,1,2,1,1,2726,0,106,360,0,1,0,2726,4.663439094,7.910590612,0,1,0,0,True Negative
590,LP002928,1,1,0,1,0,3000,3416,56,180,1,1,1,6416,4.025351691,8.76655015,0,1,0,1,True Positive
591,LP002931,1,1,2,1,1,6000,0,205,240,1,1,0,6000,5.323009979,8.699514748,0,1,0,1,False Positive
592,LP002933,1,0,3+,1,1,9357,0,292,360,1,1,1,9357,5.676753802,9.143880005,0,1,0,1,True Positive
593,LP002936,1,1,0,1,0,3859,3300,142,180,1,3,1,7159,4.955827058,8.876125585,0,1,0,1,True Positive
594,LP002938,1,1,0,1,1,16120,0,260,360,1,2,1,16120,5.560681631,9.687816016,0,1,0,1,True Positive
595,LP002940,1,0,0,0,0,3833,0,110,360,1,3,1,3833,4.700480366,8.251403065,0,1,0,1,True Positive
596,LP002941,1,1,2,0,1,6383,1000,187,360,1,3,0,7383,5.231108617,8.906935339,0,1,0,1,False Positive
597,LP002943,1,0,0,1,0,2987,0,88,360,0,1,0,2987,4.477336814,8.002024818,0,1,0,0,True Negative
598,LP002945,1,1,0,1,1,9963,0,180,360,1,3,1,9963,5.192956851,9.20663351,0,1,0,1,True Positive
599,LP002948,1,1,2,1,0,5780,0,192,360,1,2,1,5780,5.257495372,8.662158962,0,1,0,1,True Positive
600,LP002949,0,0,3+,1,0,416,41667,350,180,1,2,0,42083,5.857933154,10.64739914,0,1,0,1,False Positive
601,LP002950,1,1,0,0,0,2894,2792,155,360,1,3,1,5686,5.043425117,8.645762292,0,1,0,1,True Positive
602,LP002953,1,1,3+,1,0,5703,0,128,360,1,2,1,5703,4.852030264,8.648747631,0,1,0,1,True Positive
603,LP002958,1,0,0,1,0,3676,4301,172,360,1,3,1,7977,5.147494477,8.98431768,0,1,0,1,True Positive
604,LP002959,0,1,1,1,0,12000,0,496,360,1,1,1,12000,6.206575927,9.392661929,0,1,0,1,True Positive
605,LP002960,1,1,0,0,0,2400,3800,113,180,1,2,0,6200,4.727387819,8.732304571,0,1,0,1,False Positive
606,LP002961,1,1,1,1,0,3400,2500,173,360,1,1,1,5900,5.153291594,8.68270763,0,1,0,1,True Positive
607,LP002964,1,1,2,0,0,3987,1411,157,360,1,3,1,5398,5.056245805,8.593783794,0,1,0,1,True Positive
608,LP002974,1,1,0,1,0,3232,1950,108,360,1,3,1,5182,4.682131227,8.552946361,0,1,0,1,True Positive
609,LP002978,0,0,0,1,0,2900,0,71,360,1,3,1,2900,4.262679877,7.972466016,0,1,0,1,True Positive
610,LP002979,1,1,3+,1,0,4106,0,40,180,1,3,1,4106,3.688879454,8.320204598,0,1,0,1,True Positive
611,LP002983,1,1,1,1,0,8072,240,253,360,1,2,1,8312,5.533389489,9.025455533,0,1,0,1,True Positive
612,LP002984,1,1,2,1,0,7583,0,187,360,1,2,1,7583,5.231108617,8.933664179,0,1,0,1,True Positive
613,LP002990,0,0,0,1,1,4583,0,133,360,0,1,0,4583,4.890349128,8.430109085,0,1,0,0,True Negative
